{"cameraMode":{"drawMode":0,"name":"Shaded","section":"Shading Mode"},"sceneLighting":true,"audioPlay":false,"sceneViewState":{"showFog":true,"showMaterialUpdate":false,"showSkybox":true,"showFlares":true,"showImageEffects":true,"showParticleSystems":true},"in2DMode":false,"pivot":{"x":71.76360321044922,"y":5.738051414489746,"z":7.0260796546936039},"rotation":{"x":-0.017092736437916757,"y":-0.7649835348129273,"z":0.019349632784724237,"w":-0.6439130306243897},"size":45.74387741088867,"orthographic":false}